role,state,party,sex,real_name,screen_name,
senator,Alabama,R,M,Richard Shelby,SenShelby,
senator,Alabama,R,M,Jeff Sessions,SenatorSessions,
senator,Alaska,R,F,Lisa Murkowski,lisamurkowski,
senator,Alaska,R,M,Dan Sullivan,SenDanSullivan,
senator,Arizona,R,M,John McCain,SenJohnMcCain,
senator,Arizona,R,M,Jeff Flake,JeffFlake,
senator,Arkansas,R,M,John Boozman,JohnBoozman,
senator,Arkansas,R,M,Tom Cotton,SenTomCotton,
senator,California,D,F,Dianne Feinstein,SenFeinstein,
senator,California,D,F,Babara Boxer,BarbaraBoxer,
senator,Colorado,D,M,Michael Bennet,SenBennetCO,
senator,Colorado,R,M,Cory Gardner,SenCoryGardner,
senator,Connecticut,D,M,Richard Blumenthal,SenBlumenthal,
senator,Connecticut,D,M,Chris Murphy,ChrisMurphyCT,
senator,Delaware,D,M,Tom Carper,SenatorCarper,
senator,Delaware,D,M,Chris Coons,ChrisCoons,
senator,Florida,D,M,Bill Nelson,SenBillNelson,
senator,Florida,R,M,Marco Rubio,marcorubio,
senator,Georgia,R,M,Johnny Isakson,SenatorIsakson,
senator,Georgia,R,M,David Perdue,sendavidperdue,
senator,Hawaii,D,F,Mazie Hirono,mazieHirono,
senator,Idaho,R,M,Mike Crapo,MikeCrapo,
senator,Idaho,R,M,Jim Risch,SenatorRisch,
senator,Illinois,D,M,Dick Durbin,SenatorDurbin,
senator,Illinois,R,M,Mark Kirk,SenatorKirk,
senator,Indiana,R,M,Dan Coats,SenDanCoats,
senator,Indiana,D,M,Joe Donnelly,SenDonnelly,
senator,Iowa,R,M,Chuck Grassley,ChuckGrassley,
senator,Iowa,R,F,Joni Ernst,SenJoniErnst,
senator,Kansas,R,M,Pat Roberts,SenPatRoberts,
senator,Kansas,R,M,Jerry Moran,JerryMoran,
senator,Kentucky,R,M,Mitch McConnell,SenateMajLdr,
senator,Kentucky,R,M,Rand Paul,RandPaul,
senator,Louisiana,R,M,David Vitter,DavidVitter,
senator,Louisiana,R,M,Bill Cassidy,BillCassidy,
senator,Maine,R,F,Susan Collins,SenatorCollins,
senator,Maine,I,M,Angus King,SenAngusKing,
senator,Maryland,D,F,Barbara Mikulski,SenatorBarb,
senator,Maryland,D,M,Ben Cardin,SenatorCardin,
senator,Massachusetts,D,F,Elizabeth Warren,SenWarren,
senator,Massachusetts,D,M,Ed Markey,SenMarkey,
senator,Michigan,D,F,Debbie Stabenow,SenStabenow,
senator,Michigan,D,M,Gary Peters,SenGaryPeters,
senator,Minnesota,D,F,Amy Klobuchar,amyklobuchar,
senator,Minnesota,D,M,Al Franken,alfranken,
senator,Mississippi,R,M,Thad Cochran,SenThadCochran,
senator,Mississippi,R,M,Roger Wicker,SenatorWicker,
senator,Missouri,D,F,Claire McCaskill,clairecmc,
senator,Missouri,R,M,Roy Blunt,RoyBlunt,
senator,Montana,D,M,Jon Tester,SenatorTester,
senator,Montana,R,M,Steve Daines,SteveDaines,
senator,Nebraska,R,F,Deb Fischer,SenatorFischer,
senator,Nebraska,R,M,Ben Sasse,BenSasse,
senator,Nevada,D,M,Harry Reid,SenatorReid,
senator,Nevada,R,M,Dean Heller,SenDeanHeller,
senator,New Hampshire,D,F,Jeanne Shaheen,SenatorShaheen,
senator,New Hampshire,R,F,Kelly Ayotte,KellyAyotte,
senator,New Jersey,D,M,Bob Menendez,SenatorMenendez,
senator,New Mexico,D,M,Tom Udall,SenatorTomUdall,
senator,New Mexico,D,M,Martin Heinrich,MartinHeinrich,
senator,New York,D,M,Chuck Schumer,SenSchumer,
senator,New York,D,F,Kirsten Gillibrand,SenGillibrand,
senator,North Carolina,R,M,Thom Tillis,ThomTillis,
senator,North Dakota,R,M,John Hoeven,SenJohnHoeven,
senator,Ohio,D,M,Sherrod Brown,SenSherrodBrown,
senator,Ohio,R,M,Rob Portman,senrobportman,
senator,Oklahoma,R,M,Jim Inhofe,jiminhofe,
senator,Oklahoma,R,M,James Lankford,SenatorLankford,
senator,Oregon,D,M,Ron Wyden,RonWyden,
senator,Oregon,D,M,Jeff Merkley,SenJeffMerkley,
senator,Pennsylvania,D,M,Bob Casey,SenBobCasey,
senator,Pennsylvania,R,M,Pat Toomey,SenToomey,
senator,Rhode Island,D,M,Jack Reed,SenJackReed,
senator,Rhode Island,D,M,Sheldon Whitehouse,SenWhitehouse,
senator,South Carolina,R,M,Lindsey Graham,GrahamBlog,
senator,South Carolina,R,M,Tim Scott,SenatorTimScott,
senator,South Dakota,R,M,John Thune,johnthune,
senator,South Dakota,R,M,Mike Rounds,SenatorRounds,
senator,Tennessee,R,M,Lamar Alexander,SenAlexander,
senator,Tennessee,R,M,Bob Corker,SenBobCorker,
senator,Texas,R,M,John Cornyn,JohnCornyn,
senator,Texas,R,M,Ted Cruz,tedcruz,
senator,Utah,R,M,Orrin Hatch,OrrinHatch,
senator,Utah,R,M,Mike Lee,SenMikeLee,
senator,Vermont,D,M,Patrick Leahy,SenatorLeahy,
senator,Vermont,D,M,Bernie Sanders,BernieSanders,
senator,Virginia,D,M,Mark Warner,MarkWarner,
senator,Virginia,D,M,Tim Kaine,timkaine,
senator,Washington,D,F,Patty Murray,PattyMurray,
senator,Washington,D,F,Maria Cantwell,SenatorCantwell,
senator,West Virginia,D,M,Joe Manchin,Sen_JoeManchin,
senator,West Virginia,R,F,Shelley Moore Capito,SenCapito,
senator,Wisconsin,R,M,Ron Johnson,SenRonJohnson,
senator,Wisconsin,D,F,Tammy Baldwin,tammybaldwin,
senator,Wyoming,R,M,Mike Enzi,SenatorEnzi,
senator,Wyoming,R,M,John Barrasso,SenJohnBarrasso,
representative,Alabama,R,M,Bradley Byrne,RepByrne,
representative,Alabama,R,F,Martha Roby,RepMarthaRoby,
representative,Alabama,R,M,Mike Rogers,RepMikeRogersAL,another with same name
representative,Alabama,R,M,Robert Aderholt,Robert_Aderholt,
representative,Alabama,R,M,Mo Brooks,RepMoBrooks,
representative,Alabama,R,M,Gary Palmer,USRepGaryPalmer,
representative,Alabama,D,F,Terri A.Sewell,RepTerriSewell,
representative,Alaska,R,M,Don Young,repdonyoung,
representative,American Samoa,R,F,Amata Radewagen,RepAmata,
representative,Arizona,D,F,Ann Kirkpatrick,RepKirkpatrick,
representative,Arizona,R,F,Martha McSally,RepMcSally,
representative,Arizona,D,M,Raul Grijalva,RepRaulGrijalva,
representative,Arizona,R,M,Paul Gosar,RepGosar,
representative,Arizona,R,M,Matt Salmon,RepMattSalmon,
representative,Arizona,R,M,David Schweikert,RepDavid,
representative,Arizona,D,M,Ruben Gallego,RepRubenGallego,
representative,Arizona,R,M,Trent Franks,RepTrentFranks,
representative,Arizona,D,F,Kyrsten Sinema,RepSinema,
representative,Arkansas,R,M,Rick Crawford,RepRickCrawford,
representative,Arkansas,R,M,French Hill,RepFrenchHill,
representative,Arkansas,R,M,Steve Womack,Steve Womack,
representative,Arkansas,R,M,Bruce Westerman,RepWesterman,
representative,California,R,M,Doug LaMalfa,RepLaMalfa,
representative,California,D,M,Jared Huffman,RepHuffman,
representative,California,D,M,John Garamendi,RepGaramendi,
representative,California,R,M,Tom McClintock,RepMcClintock,
representative,California,D,M,Mike Thompson,RepThompson,
representative,California,D,F,Doris Matsui,DorisMatsui,
representative,California,D,F,Ami Bera,RepBera,
representative,California,R,M,Paul Cook,RepPaulCook,
representative,California,D,M,Jerry McNerney,RepMcNerney,
representative,California,R,M,Jeff Denham,RepJeffDenham,
representative,California,D,M,Mark Desaulnier,RepDesaulnier,
representative,California,D,F,Nancy Pelosi,Nancy Pelosi,
representative,California,D,F,Barbara Lee,RepBarbaraLee,
representative,California,D,M,Jackie Speier,RepSpeier,
representative,California,D,M,Eric Swalwell,RepSwalwell,
representative,California,D,M,Jim Costa,RepJimCosta,
representative,California,D,M,Mike Honda,RepMikeHonda,
representative,California,D,F,Anna G. Eshoo,RepAnnaEshoo,
representative,California,D,F,Zoe Lofgren,RepZoeLofgren,
representative,California,D,M,Sam Farr,SamFarr,
representative,California,R,M,David Valadao,RepDavidValadao,
representative,California,R,M,Devin Nunes,Rep_DevinNunes,
representative,California,R,M,Kevin McCarthy,Kevinmccarthy,
representative,California,D,F,Lois Capps,RepLoisCapps,
representative,California,R,M,Steve Knight,SteveKnight25,
representative,California,D,F,Julia Brownley,JuliaBrownley26,
representative,California,D,F,Judy Chu,RepJudyChu,
representative,California,D,M,Adam Schiff,RepAdamSchiff,
representative,California,D,M,Tony Cardenas,RepCardenas,
representative,California,D,M,Brad Sherman,BradSherman,
representative,California,D,M,Pete Aguilar,RepPeteAguilar,
representative,California,D,F,Grace Napolitano,gracenapolitano,
representative,California,D,M,Ted Lieu,RepTedLieu,
representative,California,D,M,Xavier Becerra,RepBecerra,
representative,California,D,F,Norma Torres,NormaJTorres,
representative,California,D,M,Raul Ruiz,CongressmanRuiz,
representative,California,D,F,Karen Bass,RepKarenBass,
representative,California,D,F,Linda Sanchez,RepLindaSanchez,
representative,California,R,M,Ed Royce,RepEdRoyce,
representative,California,D,F,Lucille Roybal-Allard,RepRoybalAllard,
representative,California,D,M,Mark Takano,RepMarkTakano,
representative,California,R,M,Ken Calvert,KenCalvert,
representative,California,D,F,Maxine Waters,MaxineWaters,
representative,California,D,F,Janice Hahn,Rep_JaniceHahn,
representative,California,R,F,Mimi Walters,RepMimiWalters,
representative,California,D,F,Loretta Sanchez,LorettaSanchez,
representative,California,D,M,Alan Lowenthal,RepLowenthal,
representative,California,R,F,Dana Rohrabacher,DanaRohrabacher,
representative,California,R,M,Darrell Issa,DarrellIssa,
representative,California,R,M,Duncan D. Hunter,Rep_Hunter,
representative,California,D,M,Juan Vargas,RepJuanVargas,
representative,California,D,M,Scott Peters,RepScottPeters,
representative,California,D,F,Susan Davis,RepSusanDavis,
representative,Colorado,D,F,Diana DeGette,RepDianaDeGette,
representative,Colorado,D,M,Jared Polis,RepJaredPolis,
representative,Colorado,R,M,Scott Tipton,RepTipton,
representative,Colorado,R,M,Ken Buck,RepKenBuck,
representative,Colorado,R,M,Doug Lamborn,RepDLamborn,
representative,Colorado,R,M,Mike Coffman,RepMikeCoffman,
representative,Colorado,D,M,Ed Perlmutter,RepPerlmutter,
representative,Connecticut,D,M,John Larson,RepJohnLarson,
representative,Connecticut,D,M,Joe Courtney,RepJoeCourtney,
representative,Connecticut,D,F,Rosa DeLauro,rosadeLauro,
representative,Connecticut,D,M,Jim Himes,jahimes,
representative,Connecticut,D,F,Elizabeth Esty,RepEsty,
representative,Delaware,D,M,John Carney,JohnCarneyDE,
representative,District O Columbia,D,F,Eleanor H. Norton,EleanorNorton,
representative,Florida,R,M,Jeff Miller,RepJeffMiller,
representative,Florida,D,F,Gwen Graham,RepGwenGraham,
representative,Florida,R,M,Ted Yoho,RepTedYoho,
representative,Florida,R,M,Ander Crenshaw,AnderCrenshaw,
representative,Florida,D,F,Corrine Brown,RepCorrineBrown,
representative,Florida,R,M,Ron DeSantis,RepDeSantis,
representative,Florida,R,M,John Mica,NONE,
representative,Florida,D,M,Alan Grayson,AlanGrayson,
representative,Florida,R,M,Daniel Webster,RepWebster,
representative,Florida,R,M,Richard Nugent,RepRichNugent,
representative,Florida,R,M,Gus Bilirakis,RepGusBilirakis,
representative,Florida,R,M,David Jolly,USRepDavidJolly,
representative,Florida,D,F,Kathy Castor,USRepKCastor,
representative,Florida,R,M,Dennis Ross,RepDennisRoss,
representative,Florida,R,M,Vern Buchanan,VernBuchanan,
representative,Florida,R,M,Tom Rooney,TomRooney,
representative,Florida,D,M,Patrick Murphy,RepMurphyFL,
representative,Florida,R,M,Curt Clawson,RepCurtClawson,
representative,Florida,D,M,Ted Deutch,RepTedDeutch,
representative,Florida,D,F,Lois Frankel,RepLoisFrankel,
representative,Florida,D,F,Debbie Wasserman Schultz,RepDWStweets,
representative,Florida,D,F,Frederica Wilson,RepWilson,
representative,Florida,R,M,Mario Diaz-Balart,MarioDB,
representative,Florida,R,M,Carlos Curbelo,RepCurbelo,
representative,Florida,R,F,Ileana Ros-Lehtinen,RosLehtinen,
representative,Georgia,R,M,Buddy Carter,RepBuddyCarter,
representative,Georgia,D,M,Sanford D. Bishop,SanfordBishop,
representative,Georgia,R,F,Lynn A. Westmoreland,RepWestmoreland,
representative,Georgia,D,M,Henry Johnson,RepHankJohnson,
representative,Georgia,D,M,John Lewis,repjohnlewis,
representative,Georgia,R,M,Tom Price,RepTomPrice,
representative,Georgia,R,M,Robert Woodall,RepRobWoodall,
representative,Georgia,R,M,Austin Scott,AustinScottGA08,
representative,Georgia,R,M,Doug Collins,RepDougCollins,
representative,Georgia,R,F,Jody Hice,CongressmanHice,
representative,Georgia,R,M,Barry Loudermilk,RepLoudermilk,
representative,Georgia,R,M,Rick Allen,RepRickAllen,
representative,Georgia,D,M,David Scott,repdavidscott,
representative,Georgia,R,M,Tom Graves,RepTomGraves,
representative,Guam,D,F,Madeleine Bordallo,NONE,
representative,Hawaii,D,M,Mark Takai,RepMarkTakai,
representative,Hawaii,D,F,Tulsi Gabbard,TulsiPress,
representative,Idaho,R,M,Raul R. Labrador,Raul_Labrador,
representative,Idaho,R,M,Mike Simpson,CongMikeSimpson,
representative,Illinois,D,M,Bobby L. Rush,RepBobbyRush,
representative,Illinois,D,F,Robin Kelly,RepRobinKelly,
representative,Illinois,D,M,Daniel Lipinski,RepLipinski,
representative,Illinois,D,M,Luis Gutierrez,RepGutierrez,
representative,Illinois,D,M,Mike Quigley,RepMikeQuigley,
representative,Illinois,R,M,Peter J. Roskam,PeterRoskam,
representative,Illinois,D,M,Danny K. Davis,RepDannyDavis,
representative,Illinois,D,F,Tammy Duckworth,RepDuckworth,
representative,Illinois,D,F,Jan Schakowsky,janschakowsky,
representative,Illinois,R,M,Robert Dold,RepDold,
representative,Illinois,D,M,Bill Foster,RepBillFoster,
representative,Illinois,R,M,Mike Bost,RepBost,
representative,Illinois,R,M,Rodney Davis,RodneyDavis,
representative,Illinois,R,M,Randy Hultgren,RepHultgren,
representative,Illinois,R,M,John Shimkus,RepShimkus,
representative,Illinois,R,M,Adam Kinzinger,RepKinzinger,
representative,Illinois,D,F,Cheri Bustos,RepCheri,
representative,Illinois,R,M,Darin LaHood,RepLaHood,
representative,Indiana,D,M,Peter Visclosky,RepVisclosky,
representative,Indiana,R,F,Jackie Walorski,RepWalorski,
representative,Indiana,R,M,Marlin Stutzman,RepStutzman,
representative,Indiana,R,M,Todd Rokita,ToddRokita,
representative,Indiana,R,F,Susan W. Brooks,SusanWBrooks,
representative,Indiana,R,M,Luke Messer,RepLukeMesser,
representative,Indiana,D,M,Andre Carson,RepAndreCarson,
representative,Indiana,R,M,Larry Bucshon,RepLarryBucshon,
representative,Indiana,R,M,Todd Young,RepToddYoung,
representative,Iowa,R,M,Rod Blum,RepRodBlum,
representative,Iowa,D,M,David Loebsack,DaveLoebsack,
representative,Iowa,R,M,Steve King,SteveKingIA,
representative,Kansas,R,M,Tim Huelskamp,CongHuelskamp,
representative,Kansas,R,M,Lynn Jenkins,RepLynnJenkins,
representative,Kansas,R,M,Kevin Yoder,RepKevinYoder,
representative,Kansas,R,M,Mike Pompeo,RepMikePompeo,
representative,Kentucky,R,M,Ed Whitfield,RepEdWhitfield,
representative,Kentucky,D,M,John Yarmuth,RepJohnYarmuth,
representative,Kentucky,R,M,Thomas Massie,RepThomasMassie,
representative,Kentucky,R,M,Harold Rogers,RepHalRogers,
representative,Kentucky,R,M,Andy Barr,RepAndyBarr,
representative,Louisiana,R,M,Steve Scalise,SteveScalise,
representative,Louisiana,D,M,Cedric Richmond,RepRichmond,
representative,Louisiana,R,M,Charles Boustany,RepBoustany,
representative,Louisiana,R,M,John Fleming,RepFleming,
representative,Louisiana,R,M,Ralph Abraham,RepAbraham,
representative,Louisiana,R,M,Garret Graves,RepGarretGraves,
representative,Maine,D,F,Chellie Pingree,chelliepingree,
representative,Maine,R,M,Bruce Poliquin,RepPoliquin,
representative,Maryland,R,M,Andy Harris,RepAndyHarrisMD,
representative,Maryland,D,M,Dutch Ruppersberger,Call_Me_Dutch,
representative,Maryland,D,M,John Sarbanes,RepSarbanes,
representative,Maryland,D,F,Donna Edwards,repdonnaedwards,
representative,Maryland,D,M,Steny Hoyer,WhipHoyer,
representative,Maryland,D,M,John Delaney,RepJohnDelaney,
representative,Maryland,D,M,Elijah Cummings,RepCummings,
representative,Maryland,D,M,Chris Van Hollen,ChrisVanHollen,
representative,Massachusetts,D,M,Richard Neal,RepRichardNeal,
representative,Massachusetts,D,M,Jim McGovern,RepMcGovern,
representative,Massachusetts,D,F,Niki Tsongas,nikiinthewhitehouse,
representative,Massachusetts,D,M,Joseph Kennedy,RepJoeKennedy,
representative,Massachusetts,D,F,Katherine Clark,RepKClark,
representative,Massachusetts,D,M,Seth Moulton,sethmoulton,
representative,Massachusetts,D,M,Michael Capuano,NONE,
representative,Massachusetts,D,M,Stephen Lynch,RepStephenLynch,
representative,Massachusetts,D,M,Bill Keating,USRepKeating,
representative,Michigan,R,M,Dan Benishek,CongressmanDan,
representative,Michigan,R,M,Bill Huizenga,RepHuizenga,
representative,Michigan,R,M,Justin Amash,justinamash,
representative,Michigan,R,M,John Moolenaar,RepMoolenaar,
representative,Michigan,D,M,Daniel Kildee,RepDanKildee,
representative,Michigan,R,M,Fred Upton,RepFredUpton,
representative,Michigan,R,M,Tim Walberg,RepWalberg,
representative,Michigan,R,M,Mike Bishop,RepMikeBishop,
representative,Michigan,D,M,Sandy Levin,RepSandyLevin,
representative,Michigan,R,F,Candice Miller,CandiceMiller,
representative,Michigan,R,M,Dave Trott,Repdavetrott,
representative,Michigan,D,F,Debbie Dingell,RepDebDingell,
representative,Michigan,D,M,John Conyers,RepJohnConyers,
representative,Michigan,D,M,Brenda Lawrence,RepLawrence,
representative,Minnesota,D,M,Tim Walz,RepTimWalz,
representative,Minnesota,R,M,John Kline,repjohnkline,
representative,Minnesota,R,M,Erik Paulsen,RepErikPaulsen,
representative,Minnesota,D,F,Betty McCollum,BettyMcCollum04,
representative,Minnesota,D,M,Keith Ellison,keithellison,
representative,Minnesota,R,M,Tom Emmer,RepTomEmmer,
representative,Minnesota,D,M,Collin Peterson,NONE,
representative,Minnesota,D,M,Rick Nolan,USRepRickNolan,
representative,Mississippi,R,M,Trent Kelly,RepTrentKelly,
representative,Mississippi,D,M,Bennie G. Thompson,BennieGThompson,
representative,Mississippi,R,M,Gregg Harper,GreggHarper,
representative,Mississippi,R,M,Steven Palazzo,CongPalazzo,
representative,Missouri,D,M,Lacy Clay,LacyClayMO1,
representative,Missouri,R,F,Ann Wagner,RepAnnWagner,
representative,Missouri,R,M,Blaine Luetkemeyer,RepBlainePress,
representative,Missouri,R,F,Vicky Hartzler,RepHartzler,
representative,Missouri,D,M,Emanuel Cleaver,repcleaver,
representative,Missouri,R,M,Sam Graves,RepSamGraves,
representative,Missouri,R,M,Billy Long,USRepLong,
representative,Missouri,R,M,Jason Smith,RepJasonSmith,
representative,Montana,R,M,Ryan Zinke,RepRyanZinke,
representative,Nebraska,R,M,Jeff Fortenberry,JeffFortenberry,
representative,Nebraska,D,M,Brad Ashford,RepBradAshford,
representative,Nebraska,R,M,Adrian Smith,RepAdrianSmith,
representative,Nevada,R,M,Mark Amodei,MarkAmodeiNV2,
representative,Nevada,R,M,Joe Heck,RepJoeHeck,
representative,Nevada,R,M,Cresent Hardy,RepHardy,
representative,New Hampshire,R,M,Frank Guinta,RepFrankGuinta,
representative,New Hampshire,D,F,Ann McLane Kuster,RepAnnieKuster,
representative,New Jersey,R,M,Frank LoBiondo,RepLoBiondo,
representative,New Jersey,R,M,Tom MacArthur,RepTomMacArthur,
representative,New Jersey,R,M,Chris Smith,RepChrisSmith,
representative,New Jersey,R,M,Scott Garrett,RepGarret,
representative,New Jersey,D,M,Frank Pallone,FrankPallone,
representative,New Jersey,R,M,Leonard Lance,RepLanceNJ7,
representative,New Jersey,D,M,Albio Sires,RepSires,
representative,New Jersey,D,M,Bill Pascrell,BillPascrell,
representative,New Jersey,D,M,Donald Payne,RepDonaldPayne,
representative,New Jersey,R,M,Rodney Frelinghuysen,USRepRodney,
representative,New Jersey,D,F,Bonnie Watson Coleman,RepBonnie,
representative,New Mexico,D,F,Michelle Lujan Grisham,RepLujanGrisham,
representative,New Mexico,R,M,Steve Pearce,RepStevePearce,
representative,New Mexico,D,M,Ben Ray Lujan,repbenraylujan,
representative,New York,R,M,Lee Zeldin,RepLeeZeldin,
representative,New York,R,M,Pete King,RepPeteKing,
representative,New York,D,M,Steve Israel,RepSteveIsrael,
representative,New York,D,F,Kathleen Rice,RepKathleenRice,
representative,New York,D,M,Gregory Meeks,GregoryMeeks,
representative,New York,D,F,Grace Meng,RepGraceMeng,
representative,New York,D,F,Nydia Velazquez,NydiaVelazquez,
representative,New York,D,M,Hakeem Jeffries,RepJeffries,
representative,New York,D,F,Yvette Clarke,YvetteClarke,
representative,New York,D,M,Jerrold Nadler,RepJerryNadler,
representative,New York,R,M,Dan Donovan,RepDanDonovan,
representative,New York,D,F,Carolyn Maloney,RepMaloney,
representative,New York,D,M,Charles Rangel,cbrangel,
representative,New York,D,M,Joseph Crowley,repjoecrowley,
representative,New York,D,M,Jose E Serrano,RepJoseSerrano,
representative,New York,D,M,Eliot Engel,RepEliotEngel,
representative,New York,D,F,Nita Lowey,NitaLowey,
representative,New York,D,M,Sean Patrick Maloney,RepSeanMaloney,
representative,New York,R,M,Chris Gibson,RepChrisGibson,
representative,New York,D,M,Paul D Tonko,RepPaulTonko,
representative,New York,R,F,Elise Stefanik,RepStefanik,
representative,New York,R,M,Richard L Hanna,RepRichardHanna,
representative,New York,R,M,Tom Reed,RepTomReed,
representative,New York,R,M,John Katko,RepJohnKatko,
representative,New York,D,F,Louise Slaughter,louiseslaughter,
representative,New York,D,M,Brian Higgins,RepBrianHiggins,
representative,New York,R,M,Chris Collins,RepChrisCollins,
representative,North Carolina,D,M,G K Butterfield,GKButterfield,
representative,North Carolina,R,F,Renee Ellmers,RepReneeEllmers,
representative,North Carolina,R,M,Walter B Jones,RepWalterJones,
representative,North Carolina,D,M,David Price,RepDavidEPrice,
representative,North Carolina,R,F,Virginia Foxx,RepVirginiaFoxx,
representative,North Carolina,R,M,Mark Walker,RepMarkWalker,
representative,North Carolina,R,M,David Rouzer,RepDavidRouzer,
representative,North Carolina,R,M,Richard Hudson,RepRichHudson,
representative,North Carolina,R,M,Robert Pittenger,reppittenger,
representative,North Carolina,R,M,Patrick McHenry,PatrickMcHenry,
representative,North Carolina,R,M,Mark Meadows,RepMarkMeadows,
representative,North Carolina,D,F,Alma Adams,RepAdams,
representative,North Carolina,R,M,George Holding,RepHolding,
representative,North Dakota,R,M,Kevin Cramer,kevincramer,
representative,Northern Mariana Islands,D,M,Gregorio Sablan,NONE,
representative,Ohio,R,M,Steve Chabot,RepSteveChabot,
representative,Ohio,R,M,Brad Wenstrup,RepBradWenstrup,
representative,Ohio,D,F,Joyce Beatty,RepBeatty,
representative,Ohio,R,M,Jim Jordan,Jim_Jordan,
representative,Ohio,R,M,Robert Latta,boblatta,
representative,Ohio,R,M,Bill Johnson,RepBillJohnson,
representative,Ohio,R,M,Bob Gibbs,RepBobGibbs,
representative,Ohio,R,M,John Boehner,johnboehner,
representative,Ohio,D,M,Marcy Kaptur,RepMarcyKaptur,
representative,Ohio,R,M,Mike Turner,RepMikeTurner,
representative,Ohio,D,F,Marcia Fudge,RepMarciaFudge,
representative,Ohio,D,M,Tim Ryan,RepTimRyan,
representative,Ohio,R,M,Dave Joyce,RepDaveJoyce,
representative,Ohio,R,M,Steve Stivers,RepSteveStivers,
representative,Ohio,R,M,Jim Renacci,RepJimRenacci,
representative,Oklahoma,R,M,Jim Bridenstine,RepJBridenstine,
representative,Oklahoma,R,M,Markwayne Mullin,RepMullin,
representative,Oklahoma,R,M,Frank Lucas,RepFrankLucas,
representative,Oklahoma,R,M,Tom Cole,TomColeOK04,
representative,Oklahoma,R,M,Steve Russell,RepRussell,
representative,Oregon,D,F,Suzanne Bonamici,RepBonamici,
representative,Oregon,R,M,Greg Walden,repgregwalden,
representative,Oregon,D,M,Earl Blumenauer,repblumenauer,
representative,Oregon,D,M,Peter DeFazio,RepPeterDeFazio,
representative,Oregon,D,M,Kurt Schrader,RepSchrader,
representative,Pennsylvania,D,M,Bob Brady,RepBrady,
representative,Pennsylvania,D,M,Chaka Fattah,chakafattah,
representative,Pennsylvania,R,M,Mike Kelly,MikeKellyPA,
representative,Pennsylvania,R,M,Scott Perry,RepScottPerry,
representative,Pennsylvania,R,M,Glenn Thompson,CongressmanGT,
representative,Pennsylvania,R,M,Ryan Costello,RepRyanCostello,
representative,Pennsylvania,R,M,Pat Meehan,RepMeehan,
representative,Pennsylvania,R,M,Mike Fitzpatrick,RepFitzpatrick,
representative,Pennsylvania,R,M,Bill Shuster,RepBillShuster,
representative,Pennsylvania,R,M,Tom Marino,RepTomMarino,
representative,Pennsylvania,R,M,Lou Barletta,RepLouBarletta,
representative,Pennsylvania,R,M,Keith Rothfus,KeithRothfus,
representative,Pennsylvania,D,M,Brendan Boyle,RepBrendanBoyle,
representative,Pennsylvania,D,M,Mike Doyle,USRepMikeDoyle,
representative,Pennsylvania,R,M,Charles Dent,NONE,
representative,Pennsylvania,R,M,Joseph Pitts,RepJoePitts,
representative,Pennsylvania,D,M,Matt Cartwright,RepCartwright,
representative,Pennsylvania,R,M,Tim Murphy,RepTimMurphy,
representative,Puerto Rico,D,M,Pedro Pierluisi,pedropierluisi,
representative,Rhode Island,D,M,David Cicilline,RepCicilline,
representative,Rhode Island,D,M,Jim Langevin,jimlangevin,
representative,South Carolina,R,M,Mark Sanford,RepSanfordSC,
representative,South Carolina,R,M,Joe Wilson,RepJoeWilson,
representative,South Carolina,R,M,Jeff Duncan,RepJeffDuncan,
representative,South Carolina,R,M,Trey Gowdy,TGowdySC,
representative,South Carolina,R,M,Mick Mulvaney,RepMickMulvaney,
representative,South Carolina,D,M,James Clyburn,Clyburn,
representative,South Carolina,R,M,Tom Rice,RepTomRice,
representative,South Dakota,R,F,Kristi Noem,RepKristiNoem,
representative,Tennessee,R,M,Phil Roe,DrPhilRoe,
representative,Tennessee,R,M,John Duncan,RepJohnDuncanJr,
representative,Tennessee,R,M,Chuck Fleischmann,RepChuck,
representative,Tennessee,R,M,Scott DesJarlais,DesJarlaisTN04,
representative,Tennessee,D,M,Jim Cooper,repjimcooper,
representative,Tennessee,R,F,Diane Black,RepDianeBlack,
representative,Tennessee,R,F,Marsha Blackburn,MarshaBlackburn,
representative,Tennessee,R,M,Stephen Fincher,RepFincherTN08,
representative,Tennessee,D,M,Steve Cohen,RepCohen,
representative,Texas,R,M,Louie Gohmert,replouiegohmert,
representative,Texas,R,M,Ted Poe,JudgeTedPoe,
representative,Texas,R,M,Sam Johnson,SamsPressShop,
representative,Texas,R,M,John Ratcliffe,RepRatcliffe,
representative,Texas,R,M,Jeb Hensarling,RepHensarling,
representative,Texas,R,M,Joe Barton,RepJoeBarton,
representative,Texas,R,M,John Culberson,CongCulberson,
representative,Texas,R,M,Kevin Brady,RepKevinBrady,
representative,Texas,D,M,Al Green,RepAlGreen,
representative,Texas,R,M,Michael McCaul,RepMcCaul,
representative,Texas,R,M,Michael Conaway,ConawayTX11,
representative,Texas,R,M,Kay Granger,RepKayGranger,
representative,Texas,R,M,Mac Thornberry,MacTXPress,
representative,Texas,R,M,Randy Weber,TXRandy14,
representative,Texas,D,M,Ruben Hinojosa,USRepRHinojosa,
representative,Texas,D,M,Beto Orourke,RepBetoOrourke,
representative,Texas,R,M,Bill Flores,RepBillFlores,
representative,Texas,D,F,Sheila Jackson Lee,JacksonLeeTX18,
representative,Texas,R,M,Randy Neugebauer,RandyNeugebauer,
representative,Texas,D,M,Joaquin Castro,JoaquinCastrotx,
representative,Texas,R,M,Lamar Smith,LamarSmithTX21,
representative,Texas,R,M,Pete Olson,RepPeteOlson,
representative,Texas,R,M,Will Hurd,HurdOnTheHill,
representative,Texas,R,M,Kenny Marchant,RepKenMarchant,
representative,Texas,R,M,Roger Williams,RepRWilliams,
representative,Texas,R,M,Michael Burgess,michaelburgess,
representative,Texas,D,M,Henry Cuellar,RepCuellar,
representative,Texas,D,M,Gene Green,RepGeneGreen,
representative,Texas,D,F,Eddie Bernice Johnson,RepEBJ,
representative,Texas,R,M,John Carter,JudgeCarter,
representative,Texas,R,M,Pete Sessions,PeteSessions,
representative,Texas,D,M,Marc Veasey,RepVeasey,
representative,Texas,D,M,Filemon Vela,RepFilemonVela,
representative,Texas,D,M,Lloyd Doggett,RepLloydDoggett,
representative,Texas,R,M,Brian Babin,RepBrianBabin,
representative,Utah,R,M,Rob Bishop,RepRobBishop,
representative,Utah,R,M,Chris Stewart,RepChrisStewart,
representative,Utah,R,M,Jason Chaffetz,jasoninthehouse,
representative,Utah,R,F,Mia Love,RepMiaLove,
representative,Vermont,D,M,Peter Welch,PeterWelch,
representative,Virgin Island,D,M,Stacey Plaskett,StaceyPlaskett,
representative,Virginia,R,M,Rob Wittman,RobWittman,
representative,Virginia,R,M,Scott Rigell,RepScottRigell,
representative,Virginia,D,M,Bobby Scott,repbobbyscott,
representative,Virginia,R,M,Randy Forbes,Randy_Forbes,
representative,Virginia,R,M,Robert Hurt,RepRobertHurt,
representative,Virginia,R,M,Bob Goodlatte,RepGoodlatte,
representative,Virginia,R,M,Dave Brat,RepDaveBrat,
representative,Virginia,D,M,Don Beyer,RepDonBeyer,
representative,Virginia,R,M,Morgan Griffith,RepMGriffith,
representative,Virginia,R,F,Barbara Comstock,RepComstock,
representative,Virginia,D,M,Gerry Connolly,GerryConnolly,
representative,Washington,D,F,Suzan DelBene,RepDelBene,
representative,Washington,D,M,Rick Larsen,RepRickLarsen,
representative,Washington,R,F,Jaime Herrera Beutler,HerreraBeutler,
representative,Washington,R,M,Dan Newhouse,RepNewhouse,
representative,Washington,R,F,Cathy McMorris Rodgers,cathymcmorris,
representative,Washington,D,M,Derek Kilmer,RepDerekKilmer,
representative,Washington,D,M,Jim McDermott,RepJimMcDermott,
representative,Washington,R,M,Dave Reichert,davereichert,
representative,Washington,D,M,Adam Smith,RepAdamSmith,
representative,Washington,D,M,Denny Heck,RepDennyHeck,
representative,West Virginia,R,M,David McKinley,RepMcKinley,
representative,West Virginia,R,M,Alex Mooney,RepAlexMooney,
representative,West Virginia,R,M,Evan Jenkins,RepEvanJenkins,
representative,Wisconsin,R,M,Paul Ryan,SpeakerRyan,
representative,Wisconsin,D,M,Mark Pocan,repmarkpocan,
representative,Wisconsin,D,M,Ron Kind,RepRonKind,
representative,Wisconsin,D,F,Gwen Moore,RepGwenMoore,
representative,Wisconsin,R,M,Jim Sensenbrenner,JimPressOffice,
representative,Wisconsin,R,M,Glenn Grothman,RepGrothman,
representative,Wisconsin,R,M,Reid Ribble,RepRibble,
representative,Wyoming,R,F,Cynthia Lummis ,CynthiaLummis ,
President,Washington D.C,D,M,Barack Obama,BarackObama,
Vice President,Washington D.C,D,M,Joe Biden,JoeBiden,
Secretary of state,Washington D.C,D,M,John Kerry,JohnKerry,
Candidate,Washington D.C,D,F,Hillary Clinton,HillaryClinton,
Candidate,Washington D.C,R,M,Donald J. Trump,realDonaldTrump,
